test1,test2
0.6254971877267231,0.9223328698848701
0.6312658573633604,0.975337360735908
0.39968655513534546,0.6385286415556172
0.17801534473471448,0.056116389731186156
0.20047089881320057,0.27574812047361985
0.4431672433226319,0.2739531717733903
0.8836316342039864,0.3042582596195973
0.11722484609102324,0.09359610295044507
0.5400025060088509,0.9893397769711652
0.43697016702212654,0.25802842736038256
0.8810305908570037,0.16383130613864882
0.8530096045396331,0.25050388831934467
0.643069215419424,0.6516694463721419
0.541055433516152,0.24242284092268096
0.27305045916912374,0.31055757596013345
0.8613793124369462,0.6124212541573244
0.6365930004170414,0.08407588933658794
0.028202069094235838,0.10423838995032908
0.5435130838952569,0.35778412148335004
0.180736046550112,0.13881832506225145
0.9204146466616695,0.5767487971026257
0.9106589881754821,0.9551664575838388
0.7615370632938349,0.6396840753551017
0.09163889269433045,0.30002300226922984
0.6656544333158945,0.6338820258289306
0.03674736731177297,0.6425233527220982
0.6084627737757458,0.08002370303941775
0.08892423570848684,0.1031071914095173
0.07693266744695026,0.14953852346990415
0.7829390422650762,0.09863772389470693
