test1,test2
0.1228541221838807,0.017154234912027944
0.403821363422592,0.4948819731632069
0.6545801730428243,0.2998984165524877
0.18230254209797103,0.20832016298456713
0.964766851496043,0.4869436639382929
0.04568980519727428,0.4145418171248503
0.3689514215622177,0.4517643678486506
0.5858551321697147,0.04450410310240105
0.5134588698400465,0.7431465604889557
0.7707054617235516,0.8439408341843924
